m49,geometry_name,ne_un_a3,fao_area,Flag,head,species,rendered_as
716,Zimbabwe,716,Zimbabwe,A,19855000.0,Chickens,A
894,Zambia,894,Zambia,I,41570000.0,Chickens,I
887,Yemen,887,Yemen,I,68741000.0,Chickens,I
704,Vietnam,704,Viet Nam,A,446540000.0,Chickens,A
862,Venezuela,862,Venezuela (Bolivarian Republic of),I,125383000.0,Chickens,I
336,Vatican,336,,,,Chickens,none
548,Vanuatu,548,Vanuatu,A,415000.0,Chickens,A
860,Uzbekistan,860,Uzbekistan,I,81965000.0,Chickens,I
858,Uruguay,858,Uruguay,I,47399000.0,Chickens,I
583,Micronesia,583,Micronesia (Federated States of),I,192000.0,Chickens,I
584,Marshall Is.,584,,,,Chickens,none
580,N. Mariana Is.,580,,,,Chickens,none
850,U.S. Virgin Is.,850,,,,Chickens,none
316,Guam,316,,,,Chickens,none
016,American Samoa,016,,,,Chickens,none
630,Puerto Rico,630,Puerto Rico,A,4459000.0,Chickens,A
840,United States of America,840,United States of America,E,1532000000.0,Chickens,E
-099,S. Geo. and the Is.,-099,,,,Chickens,none
-099,Br. Indian Ocean Ter.,-099,,,,Chickens,none
654,Saint Helena,654,,,,Chickens,none
612,Pitcairn Is.,612,,,,Chickens,none
660,Anguilla,660,,,,Chickens,none
238,Falkland Is.,238,,,,Chickens,none
136,Cayman Is.,136,,,,Chickens,none
060,Bermuda,060,,,,Chickens,none
092,British Virgin Is.,092,,,,Chickens,none
796,Turks and Caicos Is.,796,,,,Chickens,none
500,Montserrat,500,,,,Chickens,none
832,Jersey,832,,,,Chickens,none
831,Guernsey,831,,,,Chickens,none
833,Isle of Man,833,,,,Chickens,none
826,United Kingdom,826,United Kingdom of Great Britain and Northern Ireland,A,174193000.0,Chickens,A
784,United Arab Emirates,784,United Arab Emirates,I,26234000.0,Chickens,I
804,Ukraine,804,Ukraine,A,186623000.0,Chickens,A
800,Uganda,800,Uganda,A,70907000.0,Chickens,A
795,Turkmenistan,795,Turkmenistan,A,21108000.0,Chickens,A
792,Turkey,792,Türkiye,A,361096000.0,Chickens,A
788,Tunisia,788,Tunisia,I,101753000.0,Chickens,I
780,Trinidad and Tobago,780,Trinidad and Tobago,I,40505000.0,Chickens,I
776,Tonga,776,Tonga,I,344000.0,Chickens,I
768,Togo,768,Togo,A,34592000.0,Chickens,A
626,Timor-Leste,626,Timor-Leste,E,1004000.0,Chickens,E
764,Thailand,764,Thailand,E,283989000.0,Chickens,E
834,Tanzania,834,United Republic of Tanzania,I,33047000.0,Chickens,I
762,Tajikistan,762,Tajikistan,A,11286000.0,Chickens,A
158,Taiwan,-099,"China, Taiwan Province of",A,101080000.0,Chickens,A
760,Syria,760,Syrian Arab Republic,A,14526000.0,Chickens,A
756,Switzerland,756,Switzerland,A,13109000.0,Chickens,A
752,Sweden,752,,,,Chickens,none
748,eSwatini,748,Eswatini,E,1952000.0,Chickens,E
740,Suriname,740,Suriname,I,6179000.0,Chickens,I
728,S. Sudan,728,South Sudan,I,35362000.0,Chickens,I
729,Sudan,729,Sudan,E,50260000.0,Chickens,E
144,Sri Lanka,144,Sri Lanka,A,22767000.0,Chickens,A
724,Spain,724,,,,Chickens,none
410,South Korea,410,Republic of Korea,A,173136000.0,Chickens,A
710,South Africa,710,South Africa,I,175203000.0,Chickens,I
706,Somalia,706,Somalia,I,3919000.0,Chickens,I
-099,Somaliland,-099,,,,Chickens,none
090,Solomon Is.,090,Solomon Islands,I,247000.0,Chickens,I
703,Slovakia,703,Slovakia,A,9096000.0,Chickens,A
705,Slovenia,705,Slovenia,A,5023000.0,Chickens,A
702,Singapore,702,Singapore,E,2500000.0,Chickens,E
694,Sierra Leone,694,Sierra Leone,E,24541000.0,Chickens,E
690,Seychelles,690,Seychelles,E,250000.0,Chickens,E
688,Serbia,688,Serbia,A,14624000.0,Chickens,A
686,Senegal,686,Senegal,A,92891000.0,Chickens,A
682,Saudi Arabia,682,Saudi Arabia,I,211965000.0,Chickens,I
678,São Tomé and Principe,678,Sao Tome and Principe,E,254000.0,Chickens,E
674,San Marino,674,,,,Chickens,none
882,Samoa,882,Samoa,I,445000.0,Chickens,I
670,St. Vin. and Gren.,670,Saint Vincent and the Grenadines,I,245000.0,Chickens,I
662,Saint Lucia,662,Saint Lucia,I,476000.0,Chickens,I
659,St. Kitts and Nevis,659,Saint Kitts and Nevis,A,65000.0,Chickens,A
646,Rwanda,646,Rwanda,A,2583000.0,Chickens,A
643,Russia,643,Russian Federation,A,488236000.0,Chickens,A
642,Romania,642,Romania,A,78268000.0,Chickens,A
634,Qatar,634,Qatar,A,31120000.0,Chickens,A
620,Portugal,620,,,,Chickens,none
616,Poland,616,Poland,A,176580000.0,Chickens,A
608,Philippines,608,Philippines,A,185102000.0,Chickens,A
604,Peru,604,Peru,A,190882000.0,Chickens,A
600,Paraguay,600,Paraguay,A,33286000.0,Chickens,A
598,Papua New Guinea,598,Papua New Guinea,I,4803000.0,Chickens,I
591,Panama,591,Panama,A,28481000.0,Chickens,A
585,Palau,585,,,,Chickens,none
586,Pakistan,586,Pakistan,A,1725000000.0,Chickens,A
512,Oman,512,Oman,I,5002000.0,Chickens,I
578,Norway,-99,Norway,A,16131000.0,Chickens,A
408,North Korea,408,Democratic People's Republic of Korea,I,12478000.0,Chickens,I
566,Nigeria,566,Nigeria,I,250620000.0,Chickens,I
562,Niger,562,Niger,I,20737000.0,Chickens,I
558,Nicaragua,558,Nicaragua,I,27451000.0,Chickens,I
554,New Zealand,554,New Zealand,A,24756000.0,Chickens,A
570,Niue,570,Niue,I,19000.0,Chickens,I
184,Cook Is.,184,Cook Islands,I,36000.0,Chickens,I
528,Netherlands,528,Netherlands (Kingdom of the),A,97533000.0,Chickens,A
533,Aruba,533,,,,Chickens,none
531,Curaçao,531,,,,Chickens,none
524,Nepal,524,Nepal,A,66803000.0,Chickens,A
520,Nauru,520,Nauru,I,5000.0,Chickens,I
516,Namibia,516,Namibia,E,4249000.0,Chickens,E
508,Mozambique,508,Mozambique,A,26877000.0,Chickens,A
504,Morocco,504,Morocco,I,221822000.0,Chickens,I
732,W. Sahara,732,,,,Chickens,none
499,Montenegro,499,Montenegro,A,844000.0,Chickens,A
496,Mongolia,496,Mongolia,A,1506000.0,Chickens,A
498,Moldova,498,Republic of Moldova,I,45259000.0,Chickens,I
492,Monaco,492,,,,Chickens,none
484,Mexico,484,Mexico,A,609506000.0,Chickens,A
480,Mauritius,480,Mauritius,I,16277000.0,Chickens,I
478,Mauritania,478,Mauritania,I,4763000.0,Chickens,I
470,Malta,470,,,,Chickens,none
466,Mali,466,Mali,A,57439000.0,Chickens,A
462,Maldives,462,,,,Chickens,none
458,Malaysia,458,Malaysia,A,299423000.0,Chickens,A
454,Malawi,454,Malawi,E,19453000.0,Chickens,E
450,Madagascar,450,Madagascar,E,41454000.0,Chickens,E
807,North Macedonia,807,North Macedonia,A,1562000.0,Chickens,A
442,Luxembourg,442,Luxembourg,A,186000.0,Chickens,A
440,Lithuania,440,Lithuania,A,8897000.0,Chickens,A
438,Liechtenstein,438,,,,Chickens,none
434,Libya,434,Libya,I,36644000.0,Chickens,I
430,Liberia,430,Liberia,I,8369000.0,Chickens,I
426,Lesotho,426,Lesotho,A,549000.0,Chickens,A
422,Lebanon,422,Lebanon,I,72887000.0,Chickens,I
428,Latvia,428,Latvia,A,5744000.0,Chickens,A
418,Laos,418,Lao People's Democratic Republic,A,50118000.0,Chickens,A
417,Kyrgyzstan,417,Kyrgyzstan,A,4984000.0,Chickens,A
414,Kuwait,414,Kuwait,I,59175000.0,Chickens,I
-099,Kosovo,-099,,,,Chickens,none
296,Kiribati,296,Kiribati,I,662000.0,Chickens,I
404,Kenya,404,Kenya,A,61708000.0,Chickens,A
398,Kazakhstan,398,Kazakhstan,A,45653000.0,Chickens,A
400,Jordan,400,Jordan,E,42000000.0,Chickens,E
392,Japan,392,Japan,A,321891000.0,Chickens,A
388,Jamaica,388,Jamaica,I,14165000.0,Chickens,I
380,Italy,380,,,,Chickens,none
376,Israel,376,Israel,A,46716000.0,Chickens,A
275,Palestine,275,Palestine,I,5684000.0,Chickens,I
372,Ireland,372,,,,Chickens,none
368,Iraq,368,Iraq,A,162496000.0,Chickens,A
364,Iran,364,Iran (Islamic Republic of),I,1035986000.0,Chickens,I
360,Indonesia,360,Indonesia,A,3482427000.0,Chickens,A
356,India,356,India,I,837061000.0,Chickens,I
352,Iceland,352,Iceland,A,220000.0,Chickens,A
348,Hungary,348,Hungary,A,32114000.0,Chickens,A
340,Honduras,340,Honduras,I,48212000.0,Chickens,I
332,Haiti,332,Haiti,I,5926000.0,Chickens,I
328,Guyana,328,Guyana,I,31134000.0,Chickens,I
624,Guinea-Bissau,624,Guinea-Bissau,I,2109000.0,Chickens,I
324,Guinea,324,Guinea,E,36358000.0,Chickens,E
320,Guatemala,320,Guatemala,E,47000000.0,Chickens,E
308,Grenada,308,Grenada,E,400000.0,Chickens,E
300,Greece,300,Greece,A,38649000.0,Chickens,A
288,Ghana,288,Ghana,I,80972000.0,Chickens,I
276,Germany,276,,,,Chickens,none
268,Georgia,268,Georgia,A,9092000.0,Chickens,A
270,Gambia,270,Gambia,A,1005000.0,Chickens,A
266,Gabon,266,Gabon,I,3377000.0,Chickens,I
250,France,250,France,A,231096000.0,Chickens,A
666,St. Pierre and Miquelon,666,,,,Chickens,none
876,Wallis and Futuna Is.,876,,,,Chickens,none
663,St-Martin,663,,,,Chickens,none
652,St-Barthélemy,652,,,,Chickens,none
258,Fr. Polynesia,258,French Polynesia,I,334000.0,Chickens,I
540,New Caledonia,540,New Caledonia,I,618000.0,Chickens,I
260,Fr. S. Antarctic Lands,260,,,,Chickens,none
248,Åland,248,,,,Chickens,none
246,Finland,246,Finland,A,13364000.0,Chickens,A
242,Fiji,242,Fiji,I,5709000.0,Chickens,I
231,Ethiopia,231,Ethiopia,A,41351000.0,Chickens,A
233,Estonia,233,Estonia,A,2092000.0,Chickens,A
232,Eritrea,232,Eritrea,E,1215000.0,Chickens,E
226,Eq. Guinea,226,Equatorial Guinea,I,386000.0,Chickens,I
222,El Salvador,222,El Salvador,I,19115000.0,Chickens,I
818,Egypt,818,Egypt,I,289799000.0,Chickens,I
218,Ecuador,218,Ecuador,I,175984000.0,Chickens,I
214,Dominican Rep.,214,Dominican Republic,I,217034000.0,Chickens,I
212,Dominica,212,Dominica,I,203000.0,Chickens,I
262,Djibouti,262,,,,Chickens,none
304,Greenland,304,,,,Chickens,none
234,Faeroe Is.,234,,,,Chickens,none
208,Denmark,208,Denmark,A,22412000.0,Chickens,A
203,Czechia,203,Czechia,A,22955000.0,Chickens,A
-099,N. Cyprus,-099,,,,Chickens,none
196,Cyprus,196,,,,Chickens,none
192,Cuba,192,Cuba,A,30155000.0,Chickens,A
191,Croatia,191,Croatia,A,10436000.0,Chickens,A
384,Côte d'Ivoire,384,Côte d'Ivoire,A,116549000.0,Chickens,A
188,Costa Rica,188,Costa Rica,A,23508000.0,Chickens,A
180,Dem. Rep. Congo,180,Democratic Republic of the Congo,A,18912000.0,Chickens,A
178,Congo,178,Congo,I,3030000.0,Chickens,I
174,Comoros,174,Comoros,I,548000.0,Chickens,I
170,Colombia,170,Colombia,A,215218000.0,Chickens,A
156,China,156,"China, mainland",I,5194411000.0,Chickens,I
446,Macao,446,"China, Macao SAR",I,809000.0,Chickens,I
344,Hong Kong,344,"China, Hong Kong SAR",A,3929000.0,Chickens,A
152,Chile,152,Chile,A,57142000.0,Chickens,A
148,Chad,148,Chad,I,6121000.0,Chickens,I
140,Central African Rep.,140,Central African Republic,I,6877000.0,Chickens,I
132,Cabo Verde,132,Cabo Verde,I,665000.0,Chickens,I
124,Canada,124,Canada,I,172104000.0,Chickens,I
120,Cameroon,120,Cameroon,I,49041000.0,Chickens,I
116,Cambodia,116,Cambodia,I,13095000.0,Chickens,I
104,Myanmar,104,Myanmar,A,133911000.0,Chickens,A
108,Burundi,108,Burundi,A,3050000.0,Chickens,A
854,Burkina Faso,854,Burkina Faso,A,32587000.0,Chickens,A
100,Bulgaria,100,,,,Chickens,none
096,Brunei,096,Brunei Darussalam,A,21416000.0,Chickens,A
076,Brazil,076,Brazil,A,1568518000.0,Chickens,A
072,Botswana,072,Botswana,I,805000.0,Chickens,I
070,Bosnia and Herz.,070,Bosnia and Herzegovina,A,9299000.0,Chickens,A
068,Bolivia,068,Bolivia (Plurinational State of),I,227414000.0,Chickens,I
064,Bhutan,064,Bhutan,A,975000.0,Chickens,A
204,Benin,204,Benin,A,16333000.0,Chickens,A
084,Belize,084,Belize,I,1697000.0,Chickens,I
056,Belgium,056,Belgium,A,53283000.0,Chickens,A
112,Belarus,112,Belarus,I,106342000.0,Chickens,I
052,Barbados,052,Barbados,I,5299000.0,Chickens,I
050,Bangladesh,050,Bangladesh,A,311800000.0,Chickens,A
048,Bahrain,048,Bahrain,I,1754000.0,Chickens,I
044,Bahamas,044,Bahamas,I,3249000.0,Chickens,I
031,Azerbaijan,031,Azerbaijan,A,29795000.0,Chickens,A
040,Austria,040,,,,Chickens,none
036,Australia,036,Australia,I,109397000.0,Chickens,I
-099,Indian Ocean Ter.,-099,,,,Chickens,none
-099,Heard I. and McDonald Is.,-099,,,,Chickens,none
574,Norfolk Island,574,,,,Chickens,none
-099,Ashmore and Cartier Is.,-099,,,,Chickens,none
051,Armenia,051,Armenia,A,4827000.0,Chickens,A
032,Argentina,032,Argentina,A,116089000.0,Chickens,A
028,Antigua and Barb.,028,Antigua and Barbuda,I,159000.0,Chickens,I
024,Angola,024,Angola,I,45755000.0,Chickens,I
020,Andorra,020,,,,Chickens,none
012,Algeria,012,Algeria,E,191602000.0,Chickens,E
008,Albania,008,Albania,A,4999000.0,Chickens,A
004,Afghanistan,004,Afghanistan,I,13248000.0,Chickens,I
-099,Siachen Glacier,-099,,,,Chickens,none
534,Sint Maarten,534,,,,Chickens,none
798,Tuvalu,798,Tuvalu,E,56000.0,Chickens,E
716,Zimbabwe,716,Zimbabwe,A,5533727.0,Cattle,A
894,Zambia,894,Zambia,A,4698972.0,Cattle,A
887,Yemen,887,Yemen,X,1909204.0,Cattle,X
704,Vietnam,704,Viet Nam,A,6353079.0,Cattle,A
862,Venezuela,862,Venezuela (Bolivarian Republic of),A,17446122.0,Cattle,A
336,Vatican,336,,,,Cattle,none
548,Vanuatu,548,Vanuatu,A,89131.0,Cattle,A
860,Uzbekistan,860,Uzbekistan,A,13853517.0,Cattle,A
858,Uruguay,858,Uruguay,A,11572000.0,Cattle,A
583,Micronesia,583,Micronesia (Federated States of),E,17501.0,Cattle,E
584,Marshall Is.,584,,,,Cattle,none
580,N. Mariana Is.,580,,,,Cattle,none
850,U.S. Virgin Is.,850,,,,Cattle,none
316,Guam,316,,,,Cattle,none
016,American Samoa,016,,,,Cattle,none
630,Puerto Rico,630,Puerto Rico,A,202621.0,Cattle,A
840,United States of America,840,United States of America,A,91788700.0,Cattle,A
-099,S. Geo. and the Is.,-099,,,,Cattle,none
-099,Br. Indian Ocean Ter.,-099,,,,Cattle,none
654,Saint Helena,654,,,,Cattle,none
612,Pitcairn Is.,612,,,,Cattle,none
660,Anguilla,660,,,,Cattle,none
238,Falkland Is.,238,,,,Cattle,none
136,Cayman Is.,136,,,,Cattle,none
060,Bermuda,060,,,,Cattle,none
092,British Virgin Is.,092,,,,Cattle,none
796,Turks and Caicos Is.,796,,,,Cattle,none
500,Montserrat,500,,,,Cattle,none
832,Jersey,832,,,,Cattle,none
831,Guernsey,831,,,,Cattle,none
833,Isle of Man,833,,,,Cattle,none
826,United Kingdom,826,United Kingdom of Great Britain and Northern Ireland,A,9631892.0,Cattle,A
784,United Arab Emirates,784,United Arab Emirates,A,110698.0,Cattle,A
804,Ukraine,804,Ukraine,A,2644000.0,Cattle,A
800,Uganda,800,Uganda,A,14530855.0,Cattle,A
795,Turkmenistan,795,Turkmenistan,A,2522407.0,Cattle,A
792,Turkey,792,Türkiye,A,16851956.0,Cattle,A
788,Tunisia,788,Tunisia,I,495566.0,Cattle,I
780,Trinidad and Tobago,780,Trinidad and Tobago,I,34848.0,Cattle,I
776,Tonga,776,Tonga,I,12148.0,Cattle,I
768,Togo,768,Togo,A,473632.0,Cattle,A
626,Timor-Leste,626,Timor-Leste,E,252449.0,Cattle,E
764,Thailand,764,Thailand,E,4503210.0,Cattle,E
834,Tanzania,834,United Republic of Tanzania,A,36584883.0,Cattle,A
762,Tajikistan,762,Tajikistan,A,2554000.0,Cattle,A
158,Taiwan,-099,"China, Taiwan Province of",A,158235.0,Cattle,A
760,Syria,760,Syrian Arab Republic,A,852719.0,Cattle,A
756,Switzerland,756,Switzerland,A,1525270.0,Cattle,A
752,Sweden,752,Sweden,A,1390550.0,Cattle,A
748,eSwatini,748,Eswatini,A,560036.0,Cattle,A
740,Suriname,740,Suriname,A,33990.0,Cattle,A
728,S. Sudan,728,South Sudan,I,13645892.0,Cattle,I
729,Sudan,729,Sudan,X,30100000.0,Cattle,X
144,Sri Lanka,144,Sri Lanka,A,1127630.0,Cattle,A
724,Spain,724,Spain,A,6455130.0,Cattle,A
410,South Korea,410,Republic of Korea,A,4116407.0,Cattle,A
710,South Africa,710,South Africa,A,12196802.0,Cattle,A
706,Somalia,706,Somalia,E,4789395.0,Cattle,E
-099,Somaliland,-099,,,,Cattle,none
090,Solomon Is.,090,Solomon Islands,I,15296.0,Cattle,I
703,Slovakia,703,Slovakia,A,433180.0,Cattle,A
705,Slovenia,705,Slovenia,A,464910.0,Cattle,A
702,Singapore,702,Singapore,I,178.0,Cattle,I
694,Sierra Leone,694,Sierra Leone,E,646230.0,Cattle,E
690,Seychelles,690,Seychelles,I,631.0,Cattle,I
688,Serbia,688,Serbia,A,799844.0,Cattle,A
686,Senegal,686,Senegal,A,3765797.0,Cattle,A
682,Saudi Arabia,682,Saudi Arabia,A,312060.0,Cattle,A
678,São Tomé and Principe,678,Sao Tome and Principe,E,1496.0,Cattle,E
674,San Marino,674,,,,Cattle,none
882,Samoa,882,Samoa,E,38804.0,Cattle,E
670,St. Vin. and Gren.,670,Saint Vincent and the Grenadines,E,3120.0,Cattle,E
662,Saint Lucia,662,Saint Lucia,I,10524.0,Cattle,I
659,St. Kitts and Nevis,659,Saint Kitts and Nevis,I,1831.0,Cattle,I
646,Rwanda,646,Rwanda,A,1424180.0,Cattle,A
643,Russia,643,Russian Federation,A,17649619.0,Cattle,A
642,Romania,642,Romania,A,1833700.0,Cattle,A
634,Qatar,634,Qatar,A,41575.0,Cattle,A
620,Portugal,620,Portugal,A,1579140.0,Cattle,A
616,Poland,616,Poland,A,6448290.0,Cattle,A
608,Philippines,608,Philippines,A,2577506.0,Cattle,A
604,Peru,604,Peru,A,5862305.0,Cattle,A
600,Paraguay,600,Paraguay,A,13241944.0,Cattle,A
598,Papua New Guinea,598,Papua New Guinea,I,91355.0,Cattle,I
591,Panama,591,Panama,A,1516774.0,Cattle,A
585,Palau,585,,,,Cattle,none
586,Pakistan,586,Pakistan,A,53436000.0,Cattle,A
512,Oman,512,Oman,A,429632.0,Cattle,A
578,Norway,-99,Norway,A,898800.0,Cattle,A
408,North Korea,408,Democratic People's Republic of Korea,I,569064.0,Cattle,I
566,Nigeria,566,Nigeria,I,20862418.0,Cattle,I
562,Niger,562,Niger,A,18133707.0,Cattle,A
558,Nicaragua,558,Nicaragua,I,5524787.0,Cattle,I
554,New Zealand,554,New Zealand,A,9751189.0,Cattle,A
570,Niue,570,Niue,I,113.0,Cattle,I
184,Cook Is.,184,Cook Islands,I,229.0,Cattle,I
528,Netherlands,528,Netherlands (Kingdom of the),A,3751000.0,Cattle,A
533,Aruba,533,,,,Cattle,none
531,Curaçao,531,,,,Cattle,none
524,Nepal,524,Nepal,A,7413197.0,Cattle,A
520,Nauru,520,,,,Cattle,none
516,Namibia,516,Namibia,A,3115974.0,Cattle,A
508,Mozambique,508,Mozambique,A,2320248.0,Cattle,A
504,Morocco,504,Morocco,A,3100909.0,Cattle,A
732,W. Sahara,732,,,,Cattle,none
499,Montenegro,499,Montenegro,A,69320.0,Cattle,A
496,Mongolia,496,Mongolia,A,5512839.0,Cattle,A
498,Moldova,498,Republic of Moldova,A,102368.0,Cattle,A
492,Monaco,492,,,,Cattle,none
484,Mexico,484,Mexico,A,36339884.0,Cattle,A
480,Mauritius,480,Mauritius,A,3512.0,Cattle,A
478,Mauritania,478,Mauritania,E,1943115.0,Cattle,E
470,Malta,470,Malta,A,14200.0,Cattle,A
466,Mali,466,Mali,A,13234157.0,Cattle,A
462,Maldives,462,,,,Cattle,none
458,Malaysia,458,Malaysia,A,728107.0,Cattle,A
454,Malawi,454,Malawi,A,2054208.0,Cattle,A
450,Madagascar,450,Madagascar,A,6320500.0,Cattle,A
807,North Macedonia,807,North Macedonia,A,164751.0,Cattle,A
442,Luxembourg,442,Luxembourg,A,186130.0,Cattle,A
440,Lithuania,440,Lithuania,A,641920.0,Cattle,A
438,Liechtenstein,438,,,,Cattle,none
434,Libya,434,Libya,E,215920.0,Cattle,E
430,Liberia,430,Liberia,I,43028.0,Cattle,I
426,Lesotho,426,Lesotho,A,593664.0,Cattle,A
422,Lebanon,422,Lebanon,X,80198.0,Cattle,X
428,Latvia,428,Latvia,A,391350.0,Cattle,A
418,Laos,418,Lao People's Democratic Republic,A,2428000.0,Cattle,A
417,Kyrgyzstan,417,Kyrgyzstan,A,1783469.0,Cattle,A
414,Kuwait,414,Kuwait,I,32928.0,Cattle,I
-099,Kosovo,-099,,,,Cattle,none
296,Kiribati,296,,,,Cattle,none
404,Kenya,404,Kenya,A,20830134.0,Cattle,A
398,Kazakhstan,398,Kazakhstan,A,6536282.0,Cattle,A
400,Jordan,400,Jordan,A,81466.0,Cattle,A
392,Japan,392,Japan,A,3985000.0,Cattle,A
388,Jamaica,388,Jamaica,I,153880.0,Cattle,I
380,Italy,380,Italy,A,6049000.0,Cattle,A
376,Israel,376,Israel,A,581535.0,Cattle,A
275,Palestine,275,Palestine,E,41590.0,Cattle,E
372,Ireland,372,Ireland,A,6551830.0,Cattle,A
368,Iraq,368,Iraq,A,2104057.0,Cattle,A
364,Iran,364,Iran (Islamic Republic of),A,5625000.0,Cattle,A
360,Indonesia,360,Indonesia,A,17602538.0,Cattle,A
356,India,356,India,I,194202718.0,Cattle,I
352,Iceland,352,Iceland,A,79306.0,Cattle,A
348,Hungary,348,Hungary,A,894000.0,Cattle,A
340,Honduras,340,Honduras,I,2880208.0,Cattle,I
332,Haiti,332,Haiti,I,1518685.0,Cattle,I
328,Guyana,328,Guyana,I,100695.0,Cattle,I
624,Guinea-Bissau,624,Guinea-Bissau,I,741627.0,Cattle,I
324,Guinea,324,Guinea,A,9310926.0,Cattle,A
320,Guatemala,320,Guatemala,I,4210482.0,Cattle,I
308,Grenada,308,Grenada,I,5720.0,Cattle,I
300,Greece,300,Greece,A,581600.0,Cattle,A
288,Ghana,288,Ghana,I,2223553.0,Cattle,I
276,Germany,276,Germany,A,10996960.0,Cattle,A
268,Georgia,268,Georgia,A,928600.0,Cattle,A
270,Gambia,270,Gambia,A,281430.0,Cattle,A
266,Gabon,266,Gabon,I,39411.0,Cattle,I
250,France,250,France,A,16986190.0,Cattle,A
666,St. Pierre and Miquelon,666,,,,Cattle,none
876,Wallis and Futuna Is.,876,,,,Cattle,none
663,St-Martin,663,,,,Cattle,none
652,St-Barthélemy,652,,,,Cattle,none
258,Fr. Polynesia,258,French Polynesia,E,10000.0,Cattle,E
540,New Caledonia,540,New Caledonia,I,78923.0,Cattle,I
260,Fr. S. Antarctic Lands,260,,,,Cattle,none
248,Åland,248,,,,Cattle,none
246,Finland,246,Finland,A,821970.0,Cattle,A
242,Fiji,242,Fiji,A,71608.0,Cattle,A
231,Ethiopia,231,Ethiopia,A,66260987.0,Cattle,A
233,Estonia,233,Estonia,A,249620.0,Cattle,A
232,Eritrea,232,Eritrea,I,2147162.0,Cattle,I
226,Eq. Guinea,226,Equatorial Guinea,I,5478.0,Cattle,I
222,El Salvador,222,El Salvador,A,757942.0,Cattle,A
818,Egypt,818,Egypt,A,3091000.0,Cattle,A
218,Ecuador,218,Ecuador,A,3860493.0,Cattle,A
214,Dominican Rep.,214,Dominican Republic,I,3018158.0,Cattle,I
212,Dominica,212,Dominica,I,13876.0,Cattle,I
262,Djibouti,262,Djibouti,I,314719.0,Cattle,I
304,Greenland,304,,,,Cattle,none
234,Faeroe Is.,234,Faroe Islands,A,2050.0,Cattle,A
208,Denmark,208,Denmark,A,1466000.0,Cattle,A
203,Czechia,203,Czechia,A,1390490.0,Cattle,A
-099,N. Cyprus,-099,,,,Cattle,none
196,Cyprus,196,Cyprus,A,81440.0,Cattle,A
192,Cuba,192,Cuba,A,3516400.0,Cattle,A
191,Croatia,191,Croatia,A,422000.0,Cattle,A
384,Côte d'Ivoire,384,Côte d'Ivoire,A,1835661.0,Cattle,A
188,Costa Rica,188,Costa Rica,A,1495343.0,Cattle,A
180,Dem. Rep. Congo,180,Democratic Republic of the Congo,A,1652514.0,Cattle,A
178,Congo,178,Congo,I,336021.0,Cattle,I
174,Comoros,174,Comoros,I,51254.0,Cattle,I
170,Colombia,170,Colombia,A,29642539.0,Cattle,A
156,China,156,"China, mainland",E,71510950.0,Cattle,E
446,Macao,446,,,,Cattle,none
344,Hong Kong,344,"China, Hong Kong SAR",I,1574.0,Cattle,I
152,Chile,152,Chile,I,2999458.0,Cattle,I
148,Chad,148,Chad,A,35749982.0,Cattle,A
140,Central African Rep.,140,Central African Republic,E,4746586.0,Cattle,E
132,Cabo Verde,132,Cabo Verde,A,29649.0,Cattle,A
124,Canada,124,Canada,A,11515000.0,Cattle,A
120,Cameroon,120,Cameroon,I,5905938.0,Cattle,I
116,Cambodia,116,Cambodia,I,2834061.0,Cattle,I
104,Myanmar,104,Myanmar,A,10810000.0,Cattle,A
108,Burundi,108,Burundi,A,1170181.0,Cattle,A
854,Burkina Faso,854,Burkina Faso,A,9939785.0,Cattle,A
100,Bulgaria,100,Bulgaria,A,579860.0,Cattle,A
096,Brunei,096,Brunei Darussalam,A,367.0,Cattle,A
076,Brazil,076,Brazil,A,234851536.0,Cattle,A
072,Botswana,072,Botswana,E,1100000.0,Cattle,E
070,Bosnia and Herz.,070,Bosnia and Herzegovina,A,339169.0,Cattle,A
068,Bolivia,068,Bolivia (Plurinational State of),A,10739448.0,Cattle,A
064,Bhutan,064,Bhutan,A,384026.0,Cattle,A
204,Benin,204,Benin,A,2313666.0,Cattle,A
084,Belize,084,Belize,I,99522.0,Cattle,I
056,Belgium,056,Belgium,A,2286110.0,Cattle,A
112,Belarus,112,Belarus,A,4209300.0,Cattle,A
052,Barbados,052,Barbados,I,11322.0,Cattle,I
050,Bangladesh,050,Bangladesh,A,24700000.0,Cattle,A
048,Bahrain,048,Bahrain,A,7200.0,Cattle,A
044,Bahamas,044,Bahamas,I,744.0,Cattle,I
031,Azerbaijan,031,Azerbaijan,A,2498179.0,Cattle,A
040,Austria,040,Austria,A,1861070.0,Cattle,A
036,Australia,036,Australia,A,24398826.0,Cattle,A
-099,Indian Ocean Ter.,-099,,,,Cattle,none
-099,Heard I. and McDonald Is.,-099,,,,Cattle,none
574,Norfolk Island,574,,,,Cattle,none
-099,Ashmore and Cartier Is.,-099,,,,Cattle,none
051,Armenia,051,Armenia,A,559627.0,Cattle,A
032,Argentina,032,Argentina,A,53416435.0,Cattle,A
028,Antigua and Barb.,028,Antigua and Barbuda,I,4126.0,Cattle,I
024,Angola,024,Angola,I,5130157.0,Cattle,I
020,Andorra,020,,,,Cattle,none
012,Algeria,012,Algeria,I,1734460.0,Cattle,I
008,Albania,008,Albania,A,297656.0,Cattle,A
004,Afghanistan,004,Afghanistan,E,5386042.0,Cattle,E
-099,Siachen Glacier,-099,,,,Cattle,none
534,Sint Maarten,534,,,,Cattle,none
798,Tuvalu,798,,,,Cattle,none
716,Zimbabwe,716,Zimbabwe,A,431957.0,Sheep,A
894,Zambia,894,Zambia,A,260560.0,Sheep,A
887,Yemen,887,Yemen,X,10624080.0,Sheep,X
704,Vietnam,704,,,,Sheep,none
862,Venezuela,862,Venezuela (Bolivarian Republic of),E,635000.0,Sheep,E
336,Vatican,336,,,,Sheep,none
548,Vanuatu,548,Vanuatu,A,1260.0,Sheep,A
860,Uzbekistan,860,Uzbekistan,A,19938000.0,Sheep,A
858,Uruguay,858,Uruguay,A,6164000.0,Sheep,A
583,Micronesia,583,,,,Sheep,none
584,Marshall Is.,584,,,,Sheep,none
580,N. Mariana Is.,580,,,,Sheep,none
850,U.S. Virgin Is.,850,,,,Sheep,none
316,Guam,316,,,,Sheep,none
016,American Samoa,016,,,,Sheep,none
630,Puerto Rico,630,Puerto Rico,A,16604.0,Sheep,A
840,United States of America,840,United States of America,A,5165000.0,Sheep,A
-099,S. Geo. and the Is.,-099,,,,Sheep,none
-099,Br. Indian Ocean Ter.,-099,,,,Sheep,none
654,Saint Helena,654,,,,Sheep,none
612,Pitcairn Is.,612,,,,Sheep,none
660,Anguilla,660,,,,Sheep,none
238,Falkland Is.,238,,,,Sheep,none
136,Cayman Is.,136,,,,Sheep,none
060,Bermuda,060,,,,Sheep,none
092,British Virgin Is.,092,,,,Sheep,none
796,Turks and Caicos Is.,796,,,,Sheep,none
500,Montserrat,500,,,,Sheep,none
832,Jersey,832,,,,Sheep,none
831,Guernsey,831,,,,Sheep,none
833,Isle of Man,833,,,,Sheep,none
826,United Kingdom,826,United Kingdom of Great Britain and Northern Ireland,A,33173748.0,Sheep,A
784,United Arab Emirates,784,United Arab Emirates,A,2072026.0,Sheep,A
804,Ukraine,804,Ukraine,A,607100.0,Sheep,A
800,Uganda,800,Uganda,A,4372122.0,Sheep,A
795,Turkmenistan,795,Turkmenistan,A,14281484.0,Sheep,A
792,Turkey,792,Türkiye,A,44687888.0,Sheep,A
788,Tunisia,788,Tunisia,I,6236361.0,Sheep,I
780,Trinidad and Tobago,780,Trinidad and Tobago,A,16604.0,Sheep,A
776,Tonga,776,,,,Sheep,none
768,Togo,768,Togo,A,1991392.0,Sheep,A
626,Timor-Leste,626,Timor-Leste,I,40393.0,Sheep,I
764,Thailand,764,Thailand,I,41836.0,Sheep,I
834,Tanzania,834,United Republic of Tanzania,A,9087935.0,Sheep,A
762,Tajikistan,762,Tajikistan,A,4224000.0,Sheep,A
158,Taiwan,-099,"China, Taiwan Province of",I,160.0,Sheep,I
760,Syria,760,Syrian Arab Republic,A,17847163.0,Sheep,A
756,Switzerland,756,Switzerland,A,355893.0,Sheep,A
752,Sweden,752,Sweden,A,340840.0,Sheep,A
748,eSwatini,748,Eswatini,A,18103.0,Sheep,A
740,Suriname,740,Suriname,A,6649.0,Sheep,A
728,S. Sudan,728,South Sudan,E,14563459.0,Sheep,E
729,Sudan,729,Sudan,X,39800000.0,Sheep,X
144,Sri Lanka,144,Sri Lanka,A,12200.0,Sheep,A
724,Spain,724,Spain,A,14452590.0,Sheep,A
410,South Korea,410,Republic of Korea,E,1756.0,Sheep,E
710,South Africa,710,South Africa,A,21432364.0,Sheep,A
706,Somalia,706,Somalia,E,9828805.0,Sheep,E
-099,Somaliland,-099,,,,Sheep,none
090,Solomon Is.,090,,,,Sheep,none
703,Slovakia,703,Slovakia,A,301130.0,Sheep,A
705,Slovenia,705,Slovenia,A,117200.0,Sheep,A
702,Singapore,702,,,,Sheep,none
694,Sierra Leone,694,Sierra Leone,I,939621.0,Sheep,I
690,Seychelles,690,,,,Sheep,none
688,Serbia,688,Serbia,A,1720826.0,Sheep,A
686,Senegal,686,Senegal,A,8625583.0,Sheep,A
682,Saudi Arabia,682,Saudi Arabia,A,21804724.0,Sheep,A
678,São Tomé and Principe,678,Sao Tome and Principe,I,3357.0,Sheep,I
674,San Marino,674,,,,Sheep,none
882,Samoa,882,,,,Sheep,none
670,St. Vin. and Gren.,670,Saint Vincent and the Grenadines,I,8627.0,Sheep,I
662,Saint Lucia,662,Saint Lucia,I,9108.0,Sheep,I
659,St. Kitts and Nevis,659,Saint Kitts and Nevis,A,12000.0,Sheep,A
646,Rwanda,646,Rwanda,A,331748.0,Sheep,A
643,Russia,643,Russian Federation,A,19148212.0,Sheep,A
642,Romania,642,Romania,A,10247400.0,Sheep,A
634,Qatar,634,Qatar,A,813941.0,Sheep,A
620,Portugal,620,Portugal,A,2269280.0,Sheep,A
616,Poland,616,Poland,A,266370.0,Sheep,A
608,Philippines,608,Philippines,I,30000.0,Sheep,I
604,Peru,604,Peru,A,11210723.0,Sheep,A
600,Paraguay,600,Paraguay,A,476995.0,Sheep,A
598,Papua New Guinea,598,Papua New Guinea,I,7292.0,Sheep,I
591,Panama,591,,,,Sheep,none
585,Palau,585,,,,Sheep,none
586,Pakistan,586,Pakistan,A,31969000.0,Sheep,A
512,Oman,512,Oman,A,655180.0,Sheep,A
578,Norway,-99,Norway,A,2253000.0,Sheep,A
408,North Korea,408,Democratic People's Republic of Korea,I,164390.0,Sheep,I
566,Nigeria,566,Nigeria,I,50305129.0,Sheep,I
562,Niger,562,Niger,A,14627232.0,Sheep,A
558,Nicaragua,558,Nicaragua,I,6882.0,Sheep,I
554,New Zealand,554,New Zealand,A,25132697.0,Sheep,A
570,Niue,570,,,,Sheep,none
184,Cook Is.,184,,,,Sheep,none
528,Netherlands,528,Netherlands (Kingdom of the),A,723000.0,Sheep,A
533,Aruba,533,,,,Sheep,none
531,Curaçao,531,,,,Sheep,none
524,Nepal,524,Nepal,A,771205.0,Sheep,A
520,Nauru,520,,,,Sheep,none
516,Namibia,516,Namibia,A,2204508.0,Sheep,A
508,Mozambique,508,Mozambique,A,164002.0,Sheep,A
504,Morocco,504,Morocco,A,21628277.0,Sheep,A
732,W. Sahara,732,,,,Sheep,none
499,Montenegro,499,Montenegro,A,161376.0,Sheep,A
496,Mongolia,496,Mongolia,A,32747682.0,Sheep,A
498,Moldova,498,Republic of Moldova,A,419290.0,Sheep,A
492,Monaco,492,,,,Sheep,none
484,Mexico,484,Mexico,A,8805206.0,Sheep,A
480,Mauritius,480,Mauritius,A,4367.0,Sheep,A
478,Mauritania,478,Mauritania,I,11181479.0,Sheep,I
470,Malta,470,Malta,A,14470.0,Sheep,A
466,Mali,466,Mali,A,22207300.0,Sheep,A
462,Maldives,462,,,,Sheep,none
458,Malaysia,458,Malaysia,A,138520.0,Sheep,A
454,Malawi,454,Malawi,A,404956.0,Sheep,A
450,Madagascar,450,Madagascar,A,949012.0,Sheep,A
807,North Macedonia,807,North Macedonia,A,646488.0,Sheep,A
442,Luxembourg,442,Luxembourg,A,9000.0,Sheep,A
440,Lithuania,440,Lithuania,A,135640.0,Sheep,A
438,Liechtenstein,438,,,,Sheep,none
434,Libya,434,Libya,I,7374199.0,Sheep,I
430,Liberia,430,Liberia,I,280653.0,Sheep,I
426,Lesotho,426,Lesotho,A,2377809.0,Sheep,A
422,Lebanon,422,Lebanon,X,424856.0,Sheep,X
428,Latvia,428,Latvia,A,87320.0,Sheep,A
418,Laos,418,,,,Sheep,none
417,Kyrgyzstan,417,Kyrgyzstan,A,5515593.0,Sheep,A
414,Kuwait,414,Kuwait,I,764424.0,Sheep,I
-099,Kosovo,-099,,,,Sheep,none
296,Kiribati,296,,,,Sheep,none
404,Kenya,404,Kenya,A,21333288.0,Sheep,A
398,Kazakhstan,398,Kazakhstan,A,16959015.0,Sheep,A
400,Jordan,400,Jordan,A,2961717.0,Sheep,A
392,Japan,392,Japan,E,14148.0,Sheep,E
388,Jamaica,388,Jamaica,I,1315.0,Sheep,I
380,Italy,380,Italy,A,6568000.0,Sheep,A
376,Israel,376,Israel,A,550000.0,Sheep,A
275,Palestine,275,Palestine,I,782060.0,Sheep,I
372,Ireland,372,Ireland,A,4018030.0,Sheep,A
368,Iraq,368,Iraq,A,6784517.0,Sheep,A
364,Iran,364,Iran (Islamic Republic of),A,55582000.0,Sheep,A
360,Indonesia,360,Indonesia,A,14063214.0,Sheep,A
356,India,356,India,E,96846000.0,Sheep,E
352,Iceland,352,Iceland,A,365290.0,Sheep,A
348,Hungary,348,Hungary,A,871700.0,Sheep,A
340,Honduras,340,Honduras,E,16483.0,Sheep,E
332,Haiti,332,Haiti,I,288001.0,Sheep,I
328,Guyana,328,Guyana,I,132011.0,Sheep,I
624,Guinea-Bissau,624,Guinea-Bissau,I,472332.0,Sheep,I
324,Guinea,324,Guinea,A,3507606.0,Sheep,A
320,Guatemala,320,Guatemala,I,611942.0,Sheep,I
308,Grenada,308,Grenada,I,10742.0,Sheep,I
300,Greece,300,Greece,A,7378400.0,Sheep,A
288,Ghana,288,Ghana,I,5840815.0,Sheep,I
276,Germany,276,Germany,A,1516900.0,Sheep,A
268,Georgia,268,Georgia,A,904300.0,Sheep,A
270,Gambia,270,Gambia,A,179185.0,Sheep,A
266,Gabon,266,Gabon,I,219385.0,Sheep,I
250,France,250,France,A,6746000.0,Sheep,A
666,St. Pierre and Miquelon,666,,,,Sheep,none
876,Wallis and Futuna Is.,876,,,,Sheep,none
663,St-Martin,663,,,,Sheep,none
652,St-Barthélemy,652,,,,Sheep,none
258,Fr. Polynesia,258,French Polynesia,I,441.0,Sheep,I
540,New Caledonia,540,New Caledonia,I,1897.0,Sheep,I
260,Fr. S. Antarctic Lands,260,,,,Sheep,none
248,Åland,248,,,,Sheep,none
246,Finland,246,Finland,A,132080.0,Sheep,A
242,Fiji,242,Fiji,A,35370.0,Sheep,A
231,Ethiopia,231,Ethiopia,A,38013272.0,Sheep,A
233,Estonia,233,Estonia,A,63100.0,Sheep,A
232,Eritrea,232,Eritrea,I,2508626.0,Sheep,I
226,Eq. Guinea,226,Equatorial Guinea,I,41356.0,Sheep,I
222,El Salvador,222,El Salvador,I,5550.0,Sheep,I
818,Egypt,818,Egypt,A,2132000.0,Sheep,A
218,Ecuador,218,Ecuador,A,551960.0,Sheep,A
214,Dominican Rep.,214,Dominican Republic,I,259553.0,Sheep,I
212,Dominica,212,Dominica,I,8409.0,Sheep,I
262,Djibouti,262,Djibouti,I,470038.0,Sheep,I
304,Greenland,304,,,,Sheep,none
234,Faeroe Is.,234,Faroe Islands,E,77849.0,Sheep,E
208,Denmark,208,Denmark,A,132510.0,Sheep,A
203,Czechia,203,Czechia,A,174200.0,Sheep,A
-099,N. Cyprus,-099,,,,Sheep,none
196,Cyprus,196,Cyprus,A,343630.0,Sheep,A
192,Cuba,192,Cuba,A,1411800.0,Sheep,A
191,Croatia,191,Croatia,A,643000.0,Sheep,A
384,Côte d'Ivoire,384,Côte d'Ivoire,A,2437692.0,Sheep,A
188,Costa Rica,188,Costa Rica,I,2877.0,Sheep,I
180,Dem. Rep. Congo,180,Democratic Republic of the Congo,A,917414.0,Sheep,A
178,Congo,178,Congo,I,125352.0,Sheep,I
174,Comoros,174,Comoros,I,26244.0,Sheep,I
170,Colombia,170,Colombia,A,1819247.0,Sheep,A
156,China,156,"China, mainland",A,194030100.0,Sheep,A
446,Macao,446,,,,Sheep,none
344,Hong Kong,344,"China, Hong Kong SAR",I,23.0,Sheep,I
152,Chile,152,Chile,E,1870000.0,Sheep,E
148,Chad,148,Chad,A,45081553.0,Sheep,A
140,Central African Rep.,140,Central African Republic,E,441204.0,Sheep,E
132,Cabo Verde,132,Cabo Verde,A,19229.0,Sheep,A
124,Canada,124,Canada,A,822200.0,Sheep,A
120,Cameroon,120,Cameroon,I,3583379.0,Sheep,I
116,Cambodia,116,,,,Sheep,none
104,Myanmar,104,Myanmar,E,542000.0,Sheep,E
108,Burundi,108,Burundi,A,665068.0,Sheep,A
854,Burkina Faso,854,Burkina Faso,A,11286022.0,Sheep,A
100,Bulgaria,100,Bulgaria,A,1096400.0,Sheep,A
096,Brunei,096,Brunei Darussalam,I,4366.0,Sheep,I
076,Brazil,076,Brazil,A,21520872.0,Sheep,A
072,Botswana,072,Botswana,E,201405.0,Sheep,E
070,Bosnia and Herz.,070,Bosnia and Herzegovina,A,997046.0,Sheep,A
068,Bolivia,068,Bolivia (Plurinational State of),A,7592484.0,Sheep,A
064,Bhutan,064,Bhutan,A,10024.0,Sheep,A
204,Benin,204,Benin,A,2500613.0,Sheep,A
084,Belize,084,Belize,I,16210.0,Sheep,I
056,Belgium,056,Belgium,A,110120.0,Sheep,A
112,Belarus,112,Belarus,A,78700.0,Sheep,A
052,Barbados,052,Barbados,I,12736.0,Sheep,I
050,Bangladesh,050,Bangladesh,A,3752000.0,Sheep,A
048,Bahrain,048,Bahrain,A,62300.0,Sheep,A
044,Bahamas,044,Bahamas,I,6580.0,Sheep,I
031,Azerbaijan,031,Azerbaijan,A,7170828.0,Sheep,A
040,Austria,040,Austria,A,400660.0,Sheep,A
036,Australia,036,Australia,A,70234655.0,Sheep,A
-099,Indian Ocean Ter.,-099,,,,Sheep,none
-099,Heard I. and McDonald Is.,-099,,,,Sheep,none
574,Norfolk Island,574,,,,Sheep,none
-099,Ashmore and Cartier Is.,-099,,,,Sheep,none
051,Armenia,051,Armenia,A,691787.0,Sheep,A
032,Argentina,032,Argentina,A,12461845.0,Sheep,A
028,Antigua and Barb.,028,Antigua and Barbuda,I,5991.0,Sheep,I
024,Angola,024,Angola,I,1129800.0,Sheep,I
020,Andorra,020,,,,Sheep,none
012,Algeria,012,Algeria,I,31542575.0,Sheep,I
008,Albania,008,Albania,A,1371695.0,Sheep,A
004,Afghanistan,004,Afghanistan,E,12500000.0,Sheep,E
-099,Siachen Glacier,-099,,,,Sheep,none
534,Sint Maarten,534,,,,Sheep,none
798,Tuvalu,798,,,,Sheep,none
716,Zimbabwe,716,Zimbabwe,A,6171932.0,Goats,A
894,Zambia,894,Zambia,A,4455860.0,Goats,A
887,Yemen,887,Yemen,X,10295620.0,Goats,X
704,Vietnam,704,Viet Nam,I,3001267.0,Goats,I
862,Venezuela,862,Venezuela (Bolivarian Republic of),I,1394657.0,Goats,I
336,Vatican,336,,,,Goats,none
548,Vanuatu,548,Vanuatu,A,6966.0,Goats,A
860,Uzbekistan,860,Uzbekistan,A,3664500.0,Goats,A
858,Uruguay,858,Uruguay,I,18317.0,Goats,I
583,Micronesia,583,Micronesia (Federated States of),E,4792.0,Goats,E
584,Marshall Is.,584,,,,Goats,none
580,N. Mariana Is.,580,,,,Goats,none
850,U.S. Virgin Is.,850,,,,Goats,none
316,Guam,316,,,,Goats,none
016,American Samoa,016,,,,Goats,none
630,Puerto Rico,630,Puerto Rico,A,3446.0,Goats,A
840,United States of America,840,United States of America,A,2570000.0,Goats,A
-099,S. Geo. and the Is.,-099,,,,Goats,none
-099,Br. Indian Ocean Ter.,-099,,,,Goats,none
654,Saint Helena,654,,,,Goats,none
612,Pitcairn Is.,612,,,,Goats,none
660,Anguilla,660,,,,Goats,none
238,Falkland Is.,238,,,,Goats,none
136,Cayman Is.,136,,,,Goats,none
060,Bermuda,060,,,,Goats,none
092,British Virgin Is.,092,,,,Goats,none
796,Turks and Caicos Is.,796,,,,Goats,none
500,Montserrat,500,,,,Goats,none
832,Jersey,832,,,,Goats,none
831,Guernsey,831,,,,Goats,none
833,Isle of Man,833,,,,Goats,none
826,United Kingdom,826,United Kingdom of Great Britain and Northern Ireland,A,111000.0,Goats,A
784,United Arab Emirates,784,United Arab Emirates,A,2235919.0,Goats,A
804,Ukraine,804,Ukraine,A,487200.0,Goats,A
800,Uganda,800,Uganda,A,17406160.0,Goats,A
795,Turkmenistan,795,Turkmenistan,A,4680048.0,Goats,A
792,Turkey,792,Türkiye,A,11577862.0,Goats,A
788,Tunisia,788,Tunisia,I,1118828.0,Goats,I
780,Trinidad and Tobago,780,Trinidad and Tobago,A,12205.0,Goats,A
776,Tonga,776,Tonga,E,14454.0,Goats,E
768,Togo,768,Togo,A,5453572.0,Goats,A
626,Timor-Leste,626,Timor-Leste,I,215016.0,Goats,I
764,Thailand,764,Thailand,E,471831.0,Goats,E
834,Tanzania,834,United Republic of Tanzania,A,26580497.0,Goats,A
762,Tajikistan,762,Tajikistan,A,2093200.0,Goats,A
158,Taiwan,-099,"China, Taiwan Province of",A,116496.0,Goats,A
760,Syria,760,Syrian Arab Republic,A,2028594.0,Goats,A
756,Switzerland,756,Switzerland,A,82313.0,Goats,A
752,Sweden,752,Sweden,A,12000.0,Goats,A
748,eSwatini,748,Eswatini,A,527185.0,Goats,A
740,Suriname,740,Suriname,A,4286.0,Goats,A
728,S. Sudan,728,South Sudan,E,16444483.0,Goats,E
729,Sudan,729,Sudan,X,31000000.0,Goats,X
144,Sri Lanka,144,Sri Lanka,A,365790.0,Goats,A
724,Spain,724,Spain,A,2463450.0,Goats,A
410,South Korea,410,Republic of Korea,E,306776.0,Goats,E
710,South Africa,710,South Africa,A,5138635.0,Goats,A
706,Somalia,706,Somalia,I,11374244.0,Goats,I
-099,Somaliland,-099,,,,Goats,none
090,Solomon Is.,090,,,,Goats,none
703,Slovakia,703,Slovakia,A,20500.0,Goats,A
705,Slovenia,705,Slovenia,A,25960.0,Goats,A
702,Singapore,702,Singapore,E,733.0,Goats,E
694,Sierra Leone,694,Sierra Leone,I,825639.0,Goats,I
690,Seychelles,690,Seychelles,I,5781.0,Goats,I
688,Serbia,688,Serbia,A,191703.0,Goats,A
686,Senegal,686,Senegal,A,7558169.0,Goats,A
682,Saudi Arabia,682,Saudi Arabia,A,6779154.0,Goats,A
678,São Tomé and Principe,678,Sao Tome and Principe,I,6106.0,Goats,I
674,San Marino,674,,,,Goats,none
882,Samoa,882,,,,Goats,none
670,St. Vin. and Gren.,670,Saint Vincent and the Grenadines,I,10319.0,Goats,I
662,Saint Lucia,662,Saint Lucia,E,14332.0,Goats,E
659,St. Kitts and Nevis,659,Saint Kitts and Nevis,A,9000.0,Goats,A
646,Rwanda,646,Rwanda,A,1513140.0,Goats,A
643,Russia,643,Russian Federation,A,1811125.0,Goats,A
642,Romania,642,Romania,A,1483200.0,Goats,A
634,Qatar,634,Qatar,A,358137.0,Goats,A
620,Portugal,620,Portugal,A,352050.0,Goats,A
616,Poland,616,Poland,A,62580.0,Goats,A
608,Philippines,608,Philippines,A,3908131.0,Goats,A
604,Peru,604,Peru,A,1767612.0,Goats,A
600,Paraguay,600,Paraguay,A,133799.0,Goats,A
598,Papua New Guinea,598,Papua New Guinea,I,3130.0,Goats,I
591,Panama,591,Panama,I,8915.0,Goats,I
585,Palau,585,,,,Goats,none
586,Pakistan,586,Pakistan,A,82503000.0,Goats,A
512,Oman,512,Oman,A,2492013.0,Goats,A
578,Norway,-99,Norway,A,70400.0,Goats,A
408,North Korea,408,Democratic People's Republic of Korea,I,3976077.0,Goats,I
566,Nigeria,566,Nigeria,I,88043009.0,Goats,I
562,Niger,562,Niger,A,20369178.0,Goats,A
558,Nicaragua,558,Nicaragua,I,8068.0,Goats,I
554,New Zealand,554,New Zealand,A,88428.0,Goats,A
570,Niue,570,,,,Goats,none
184,Cook Is.,184,Cook Islands,E,4178.0,Goats,E
528,Netherlands,528,Netherlands (Kingdom of the),A,570000.0,Goats,A
533,Aruba,533,,,,Goats,none
531,Curaçao,531,,,,Goats,none
524,Nepal,524,Nepal,A,13990703.0,Goats,A
520,Nauru,520,,,,Goats,none
516,Namibia,516,Namibia,A,2041257.0,Goats,A
508,Mozambique,508,Mozambique,A,4405952.0,Goats,A
504,Morocco,504,Morocco,A,6045690.0,Goats,A
732,W. Sahara,732,,,,Goats,none
499,Montenegro,499,Montenegro,A,29136.0,Goats,A
496,Mongolia,496,Mongolia,A,27569395.0,Goats,A
498,Moldova,498,Republic of Moldova,A,137021.0,Goats,A
492,Monaco,492,,,,Goats,none
484,Mexico,484,Mexico,A,8824664.0,Goats,A
480,Mauritius,480,Mauritius,A,21608.0,Goats,A
478,Mauritania,478,Mauritania,I,7188153.0,Goats,I
470,Malta,470,Malta,A,6520.0,Goats,A
466,Mali,466,Mali,A,30661134.0,Goats,A
462,Maldives,462,,,,Goats,none
458,Malaysia,458,Malaysia,A,335137.0,Goats,A
454,Malawi,454,Malawi,A,12238382.0,Goats,A
450,Madagascar,450,Madagascar,A,1963902.0,Goats,A
807,North Macedonia,807,North Macedonia,A,80186.0,Goats,A
442,Luxembourg,442,Luxembourg,A,5090.0,Goats,A
440,Lithuania,440,Lithuania,A,14990.0,Goats,A
438,Liechtenstein,438,,,,Goats,none
434,Libya,434,Libya,I,2672710.0,Goats,I
430,Liberia,430,Liberia,I,339823.0,Goats,I
426,Lesotho,426,Lesotho,A,957522.0,Goats,A
422,Lebanon,422,Lebanon,X,337626.0,Goats,X
428,Latvia,428,Latvia,A,11680.0,Goats,A
418,Laos,418,Lao People's Democratic Republic,A,763000.0,Goats,A
417,Kyrgyzstan,417,Kyrgyzstan,A,685368.0,Goats,A
414,Kuwait,414,Kuwait,E,223115.0,Goats,E
-099,Kosovo,-099,,,,Goats,none
296,Kiribati,296,,,,Goats,none
404,Kenya,404,Kenya,A,30558620.0,Goats,A
398,Kazakhstan,398,Kazakhstan,A,1883956.0,Goats,A
400,Jordan,400,Jordan,A,733210.0,Goats,A
392,Japan,392,Japan,I,16497.0,Goats,I
388,Jamaica,388,Jamaica,I,587237.0,Goats,I
380,Italy,380,Italy,A,1010000.0,Goats,A
376,Israel,376,Israel,A,144500.0,Goats,A
275,Palestine,275,Palestine,I,249197.0,Goats,I
372,Ireland,372,Ireland,A,9240.0,Goats,A
368,Iraq,368,Iraq,A,1400824.0,Goats,A
364,Iran,364,Iran (Islamic Republic of),A,18309000.0,Goats,A
360,Indonesia,360,Indonesia,A,18560835.0,Goats,A
356,India,356,India,E,177300000.0,Goats,E
352,Iceland,352,Iceland,A,1875.0,Goats,A
348,Hungary,348,Hungary,A,41000.0,Goats,A
340,Honduras,340,Honduras,I,24711.0,Goats,I
332,Haiti,332,Haiti,I,1861731.0,Goats,I
328,Guyana,328,Guyana,I,82393.0,Goats,I
624,Guinea-Bissau,624,Guinea-Bissau,E,811005.0,Goats,E
324,Guinea,324,Guinea,A,4212916.0,Goats,A
320,Guatemala,320,Guatemala,I,115497.0,Goats,I
308,Grenada,308,Grenada,E,25000.0,Goats,E
300,Greece,300,Greece,A,2960900.0,Goats,A
288,Ghana,288,Ghana,I,8714896.0,Goats,I
276,Germany,276,Germany,A,159000.0,Goats,A
268,Georgia,268,Georgia,A,52500.0,Goats,A
270,Gambia,270,Gambia,A,405954.0,Goats,A
266,Gabon,266,Gabon,I,117379.0,Goats,I
250,France,250,France,A,1353000.0,Goats,A
666,St. Pierre and Miquelon,666,,,,Goats,none
876,Wallis and Futuna Is.,876,,,,Goats,none
663,St-Martin,663,,,,Goats,none
652,St-Barthélemy,652,,,,Goats,none
258,Fr. Polynesia,258,French Polynesia,I,15817.0,Goats,I
540,New Caledonia,540,New Caledonia,E,1700.0,Goats,E
260,Fr. S. Antarctic Lands,260,,,,Goats,none
248,Åland,248,,,,Goats,none
246,Finland,246,Finland,A,6300.0,Goats,A
242,Fiji,242,Fiji,I,279563.0,Goats,I
231,Ethiopia,231,Ethiopia,A,45716091.0,Goats,A
233,Estonia,233,Estonia,A,4000.0,Goats,A
232,Eritrea,232,Eritrea,I,1915139.0,Goats,I
226,Eq. Guinea,226,Equatorial Guinea,I,9861.0,Goats,I
222,El Salvador,222,El Salvador,E,14229.0,Goats,E
818,Egypt,818,Egypt,A,1244000.0,Goats,A
218,Ecuador,218,Ecuador,A,23789.0,Goats,A
214,Dominican Rep.,214,Dominican Republic,E,225598.0,Goats,E
212,Dominica,212,Dominica,I,9705.0,Goats,I
262,Djibouti,262,Djibouti,I,519097.0,Goats,I
304,Greenland,304,,,,Goats,none
234,Faeroe Is.,234,,,,Goats,none
208,Denmark,208,Denmark,A,18280.0,Goats,A
203,Czechia,203,Czechia,A,24610.0,Goats,A
-099,N. Cyprus,-099,,,,Goats,none
196,Cyprus,196,Cyprus,A,254180.0,Goats,A
192,Cuba,192,Cuba,A,634500.0,Goats,A
191,Croatia,191,Croatia,A,82000.0,Goats,A
384,Côte d'Ivoire,384,Côte d'Ivoire,A,4563406.0,Goats,A
188,Costa Rica,188,Costa Rica,I,78826.0,Goats,I
180,Dem. Rep. Congo,180,Democratic Republic of the Congo,A,4133019.0,Goats,A
178,Congo,178,Congo,I,325042.0,Goats,I
174,Comoros,174,Comoros,I,121125.0,Goats,I
170,Colombia,170,Colombia,A,1155721.0,Goats,A
156,China,156,"China, mainland",A,132242500.0,Goats,A
446,Macao,446,,,,Goats,none
344,Hong Kong,344,"China, Hong Kong SAR",I,683.0,Goats,I
152,Chile,152,Chile,I,418073.0,Goats,I
148,Chad,148,Chad,A,46438592.0,Goats,A
140,Central African Rep.,140,Central African Republic,E,6200000.0,Goats,E
132,Cabo Verde,132,Cabo Verde,A,139218.0,Goats,A
124,Canada,124,Canada,I,30000.0,Goats,I
120,Cameroon,120,Cameroon,I,6572453.0,Goats,I
116,Cambodia,116,,,,Goats,none
104,Myanmar,104,Myanmar,E,2300000.0,Goats,E
108,Burundi,108,Burundi,A,4379476.0,Goats,A
854,Burkina Faso,854,Burkina Faso,A,10798342.0,Goats,A
100,Bulgaria,100,Bulgaria,A,184020.0,Goats,A
096,Brunei,096,Brunei Darussalam,A,4160.0,Goats,A
076,Brazil,076,Brazil,A,12390490.0,Goats,A
072,Botswana,072,Botswana,I,1210035.0,Goats,I
070,Bosnia and Herz.,070,Bosnia and Herzegovina,A,44588.0,Goats,A
068,Bolivia,068,Bolivia (Plurinational State of),A,2281625.0,Goats,A
064,Bhutan,064,Bhutan,A,56004.0,Goats,A
204,Benin,204,Benin,A,3619241.0,Goats,A
084,Belize,084,Belize,I,191.0,Goats,I
056,Belgium,056,Belgium,A,75360.0,Goats,A
112,Belarus,112,Belarus,A,52000.0,Goats,A
052,Barbados,052,Barbados,I,5604.0,Goats,I
050,Bangladesh,050,Bangladesh,A,26774000.0,Goats,A
048,Bahrain,048,Bahrain,A,24400.0,Goats,A
044,Bahamas,044,Bahamas,I,15063.0,Goats,I
031,Azerbaijan,031,Azerbaijan,A,580840.0,Goats,A
040,Austria,040,Austria,A,99020.0,Goats,A
036,Australia,036,Australia,E,3800000.0,Goats,E
-099,Indian Ocean Ter.,-099,,,,Goats,none
-099,Heard I. and McDonald Is.,-099,,,,Goats,none
574,Norfolk Island,574,,,,Goats,none
-099,Ashmore and Cartier Is.,-099,,,,Goats,none
051,Armenia,051,Armenia,A,21943.0,Goats,A
032,Argentina,032,Argentina,A,3954991.0,Goats,A
028,Antigua and Barb.,028,Antigua and Barbuda,E,16000.0,Goats,E
024,Angola,024,Angola,I,4253234.0,Goats,I
020,Andorra,020,,,,Goats,none
012,Algeria,012,Algeria,I,5127003.0,Goats,I
008,Albania,008,Albania,A,721555.0,Goats,A
004,Afghanistan,004,Afghanistan,E,7998225.0,Goats,E
-099,Siachen Glacier,-099,,,,Goats,none
534,Sint Maarten,534,,,,Goats,none
798,Tuvalu,798,,,,Goats,none
716,Zimbabwe,716,Zimbabwe,A,362732.0,Pigs,A
894,Zambia,894,Zambia,A,1160842.0,Pigs,A
887,Yemen,887,,,,Pigs,none
704,Vietnam,704,Viet Nam,A,24745382.0,Pigs,A
862,Venezuela,862,Venezuela (Bolivarian Republic of),A,2131456.0,Pigs,A
336,Vatican,336,,,,Pigs,none
548,Vanuatu,548,Vanuatu,A,79472.0,Pigs,A
860,Uzbekistan,860,Uzbekistan,A,45166.0,Pigs,A
858,Uruguay,858,Uruguay,A,161000.0,Pigs,A
583,Micronesia,583,Micronesia (Federated States of),I,39100.0,Pigs,I
584,Marshall Is.,584,,,,Pigs,none
580,N. Mariana Is.,580,,,,Pigs,none
850,U.S. Virgin Is.,850,,,,Pigs,none
316,Guam,316,,,,Pigs,none
016,American Samoa,016,,,,Pigs,none
630,Puerto Rico,630,Puerto Rico,A,36069.0,Pigs,A
840,United States of America,840,United States of America,A,74955500.0,Pigs,A
-099,S. Geo. and the Is.,-099,,,,Pigs,none
-099,Br. Indian Ocean Ter.,-099,,,,Pigs,none
654,Saint Helena,654,,,,Pigs,none
612,Pitcairn Is.,612,,,,Pigs,none
660,Anguilla,660,,,,Pigs,none
238,Falkland Is.,238,,,,Pigs,none
136,Cayman Is.,136,,,,Pigs,none
060,Bermuda,060,,,,Pigs,none
092,British Virgin Is.,092,,,,Pigs,none
796,Turks and Caicos Is.,796,,,,Pigs,none
500,Montserrat,500,,,,Pigs,none
832,Jersey,832,,,,Pigs,none
831,Guernsey,831,,,,Pigs,none
833,Isle of Man,833,,,,Pigs,none
826,United Kingdom,826,United Kingdom of Great Britain and Northern Ireland,A,5220443.0,Pigs,A
784,United Arab Emirates,784,,,,Pigs,none
804,Ukraine,804,Ukraine,A,5608800.0,Pigs,A
800,Uganda,800,Uganda,A,7090656.0,Pigs,A
795,Turkmenistan,795,Turkmenistan,A,7753.0,Pigs,A
792,Turkey,792,Türkiye,A,1648.0,Pigs,A
788,Tunisia,788,Tunisia,I,5474.0,Pigs,I
780,Trinidad and Tobago,780,Trinidad and Tobago,A,31239.0,Pigs,A
776,Tonga,776,Tonga,I,84982.0,Pigs,I
768,Togo,768,Togo,A,1151925.0,Pigs,A
626,Timor-Leste,626,Timor-Leste,I,358257.0,Pigs,I
764,Thailand,764,Thailand,I,7852721.0,Pigs,I
834,Tanzania,834,United Republic of Tanzania,I,534499.0,Pigs,I
762,Tajikistan,762,Tajikistan,A,300.0,Pigs,A
158,Taiwan,-099,"China, Taiwan Province of",A,5316431.0,Pigs,A
760,Syria,760,Syrian Arab Republic,E,10.0,Pigs,E
756,Switzerland,756,Switzerland,A,1372772.0,Pigs,A
752,Sweden,752,Sweden,A,1416270.0,Pigs,A
748,eSwatini,748,Eswatini,A,55244.0,Pigs,A
740,Suriname,740,Suriname,A,33878.0,Pigs,A
728,S. Sudan,728,,,,Pigs,none
729,Sudan,729,,,,Pigs,none
144,Sri Lanka,144,Sri Lanka,A,100250.0,Pigs,A
724,Spain,724,Spain,A,34073380.0,Pigs,A
410,South Korea,410,Republic of Korea,A,11123872.0,Pigs,A
710,South Africa,710,South Africa,A,1323370.0,Pigs,A
706,Somalia,706,Somalia,I,3782.0,Pigs,I
-099,Somaliland,-099,,,,Pigs,none
090,Solomon Is.,090,Solomon Islands,I,55437.0,Pigs,I
703,Slovakia,703,Slovakia,A,380900.0,Pigs,A
705,Slovenia,705,Slovenia,A,202150.0,Pigs,A
702,Singapore,702,,,,Pigs,none
694,Sierra Leone,694,Sierra Leone,E,266702.0,Pigs,E
690,Seychelles,690,Seychelles,E,7800.0,Pigs,E
688,Serbia,688,Serbia,A,2666983.0,Pigs,A
686,Senegal,686,Senegal,A,486278.0,Pigs,A
682,Saudi Arabia,682,,,,Pigs,none
678,São Tomé and Principe,678,Sao Tome and Principe,E,39826.0,Pigs,E
674,San Marino,674,,,,Pigs,none
882,Samoa,882,Samoa,E,95651.0,Pigs,E
670,St. Vin. and Gren.,670,Saint Vincent and the Grenadines,I,6760.0,Pigs,I
662,Saint Lucia,662,Saint Lucia,E,10000.0,Pigs,E
659,St. Kitts and Nevis,659,Saint Kitts and Nevis,E,3300.0,Pigs,E
646,Rwanda,646,Rwanda,A,786191.0,Pigs,A
643,Russia,643,Russian Federation,A,26192944.0,Pigs,A
642,Romania,642,Romania,A,3328700.0,Pigs,A
634,Qatar,634,,,,Pigs,none
620,Portugal,620,Portugal,A,2183320.0,Pigs,A
616,Poland,616,Poland,A,9624250.0,Pigs,A
608,Philippines,608,Philippines,A,9426092.0,Pigs,A
604,Peru,604,Peru,A,3455032.0,Pigs,A
600,Paraguay,600,Paraguay,A,1801460.0,Pigs,A
598,Papua New Guinea,598,Papua New Guinea,I,2048983.0,Pigs,I
591,Panama,591,Panama,A,417616.0,Pigs,A
585,Palau,585,,,,Pigs,none
586,Pakistan,586,,,,Pigs,none
512,Oman,512,,,,Pigs,none
578,Norway,-99,Norway,A,773800.0,Pigs,A
408,North Korea,408,Democratic People's Republic of Korea,I,2425398.0,Pigs,I
566,Nigeria,566,Nigeria,I,9515952.0,Pigs,I
562,Niger,562,Niger,I,42817.0,Pigs,I
558,Nicaragua,558,Nicaragua,I,684400.0,Pigs,I
554,New Zealand,554,New Zealand,A,275291.0,Pigs,A
570,Niue,570,Niue,I,2328.0,Pigs,I
184,Cook Is.,184,Cook Islands,E,24000.0,Pigs,E
528,Netherlands,528,Netherlands (Kingdom of the),A,10706000.0,Pigs,A
533,Aruba,533,,,,Pigs,none
531,Curaçao,531,,,,Pigs,none
524,Nepal,524,Nepal,A,1504624.0,Pigs,A
520,Nauru,520,Nauru,I,3027.0,Pigs,I
516,Namibia,516,Namibia,A,95920.0,Pigs,A
508,Mozambique,508,Mozambique,A,2319450.0,Pigs,A
504,Morocco,504,Morocco,I,7799.0,Pigs,I
732,W. Sahara,732,,,,Pigs,none
499,Montenegro,499,Montenegro,A,24514.0,Pigs,A
496,Mongolia,496,Mongolia,A,34798.0,Pigs,A
498,Moldova,498,Republic of Moldova,A,340079.0,Pigs,A
492,Monaco,492,,,,Pigs,none
484,Mexico,484,Mexico,A,19225998.0,Pigs,A
480,Mauritius,480,Mauritius,A,21484.0,Pigs,A
478,Mauritania,478,,,,Pigs,none
470,Malta,470,Malta,A,29550.0,Pigs,A
466,Mali,466,Mali,A,89322.0,Pigs,A
462,Maldives,462,,,,Pigs,none
458,Malaysia,458,Malaysia,A,1502947.0,Pigs,A
454,Malawi,454,Malawi,A,9318943.0,Pigs,A
450,Madagascar,450,Madagascar,A,2226780.0,Pigs,A
807,North Macedonia,807,North Macedonia,A,182604.0,Pigs,A
442,Luxembourg,442,Luxembourg,A,66410.0,Pigs,A
440,Lithuania,440,Lithuania,A,517420.0,Pigs,A
438,Liechtenstein,438,,,,Pigs,none
434,Libya,434,,,,Pigs,none
430,Liberia,430,Liberia,I,276843.0,Pigs,I
426,Lesotho,426,Lesotho,A,42735.0,Pigs,A
422,Lebanon,422,Lebanon,I,7464.0,Pigs,I
428,Latvia,428,Latvia,A,307950.0,Pigs,A
418,Laos,418,Lao People's Democratic Republic,A,4408000.0,Pigs,A
417,Kyrgyzstan,417,Kyrgyzstan,A,25640.0,Pigs,A
414,Kuwait,414,,,,Pigs,none
-099,Kosovo,-099,,,,Pigs,none
296,Kiribati,296,Kiribati,E,15172.0,Pigs,E
404,Kenya,404,Kenya,A,792906.0,Pigs,A
398,Kazakhstan,398,Kazakhstan,A,509824.0,Pigs,A
400,Jordan,400,,,,Pigs,none
392,Japan,392,Japan,A,8949000.0,Pigs,A
388,Jamaica,388,Jamaica,I,218654.0,Pigs,I
380,Italy,380,Italy,A,8739000.0,Pigs,A
376,Israel,376,Israel,A,139543.0,Pigs,A
275,Palestine,275,,,,Pigs,none
372,Ireland,372,Ireland,A,1570390.0,Pigs,A
368,Iraq,368,,,,Pigs,none
364,Iran,364,,,,Pigs,none
360,Indonesia,360,Indonesia,A,6748614.0,Pigs,A
356,India,356,India,I,8635575.0,Pigs,I
352,Iceland,352,Iceland,A,26000.0,Pigs,A
348,Hungary,348,Hungary,A,2558100.0,Pigs,A
340,Honduras,340,Honduras,I,457160.0,Pigs,I
332,Haiti,332,Haiti,I,1022680.0,Pigs,I
328,Guyana,328,Guyana,I,9660.0,Pigs,I
624,Guinea-Bissau,624,Guinea-Bissau,I,437915.0,Pigs,I
324,Guinea,324,Guinea,A,169834.0,Pigs,A
320,Guatemala,320,Guatemala,I,3002627.0,Pigs,I
308,Grenada,308,Grenada,E,5000.0,Pigs,E
300,Greece,300,Greece,A,741600.0,Pigs,A
288,Ghana,288,Ghana,I,833006.0,Pigs,I
276,Germany,276,Germany,A,21366300.0,Pigs,A
268,Georgia,268,Georgia,A,152900.0,Pigs,A
270,Gambia,270,Gambia,A,15063.0,Pigs,A
266,Gabon,266,Gabon,I,224692.0,Pigs,I
250,France,250,France,A,12182590.0,Pigs,A
666,St. Pierre and Miquelon,666,,,,Pigs,none
876,Wallis and Futuna Is.,876,,,,Pigs,none
663,St-Martin,663,,,,Pigs,none
652,St-Barthélemy,652,,,,Pigs,none
258,Fr. Polynesia,258,French Polynesia,I,29213.0,Pigs,I
540,New Caledonia,540,New Caledonia,I,36821.0,Pigs,I
260,Fr. S. Antarctic Lands,260,,,,Pigs,none
248,Åland,248,,,,Pigs,none
246,Finland,246,Finland,A,997670.0,Pigs,A
242,Fiji,242,Fiji,I,69879.0,Pigs,I
231,Ethiopia,231,Ethiopia,E,36174.0,Pigs,E
233,Estonia,233,Estonia,A,269380.0,Pigs,A
232,Eritrea,232,,,,Pigs,none
226,Eq. Guinea,226,Equatorial Guinea,E,7361.0,Pigs,E
222,El Salvador,222,El Salvador,I,161090.0,Pigs,I
818,Egypt,818,Egypt,E,21000.0,Pigs,E
218,Ecuador,218,Ecuador,A,943249.0,Pigs,A
214,Dominican Rep.,214,Dominican Republic,I,506457.0,Pigs,I
212,Dominica,212,Dominica,I,5051.0,Pigs,I
262,Djibouti,262,,,,Pigs,none
304,Greenland,304,,,,Pigs,none
234,Faeroe Is.,234,,,,Pigs,none
208,Denmark,208,Denmark,A,11541000.0,Pigs,A
203,Czechia,203,Czechia,A,1328820.0,Pigs,A
-099,N. Cyprus,-099,,,,Pigs,none
196,Cyprus,196,Cyprus,A,330870.0,Pigs,A
192,Cuba,192,Cuba,A,1456200.0,Pigs,A
191,Croatia,191,Croatia,A,945000.0,Pigs,A
384,Côte d'Ivoire,384,Côte d'Ivoire,A,455626.0,Pigs,A
188,Costa Rica,188,Costa Rica,A,555952.0,Pigs,A
180,Dem. Rep. Congo,180,Democratic Republic of the Congo,A,1007850.0,Pigs,A
178,Congo,178,Congo,I,103471.0,Pigs,I
174,Comoros,174,,,,Pigs,none
170,Colombia,170,Colombia,A,9658204.0,Pigs,A
156,China,156,"China, mainland",A,452560000.0,Pigs,A
446,Macao,446,,,,Pigs,none
344,Hong Kong,344,"China, Hong Kong SAR",A,120698.0,Pigs,A
152,Chile,152,Chile,A,2767236.0,Pigs,A
148,Chad,148,Chad,I,113878.0,Pigs,I
140,Central African Rep.,140,Central African Republic,I,1120136.0,Pigs,I
132,Cabo Verde,132,Cabo Verde,A,71617.0,Pigs,A
124,Canada,124,Canada,A,14155000.0,Pigs,A
120,Cameroon,120,Cameroon,I,2248930.0,Pigs,I
116,Cambodia,116,Cambodia,E,2110539.0,Pigs,E
104,Myanmar,104,Myanmar,A,7803000.0,Pigs,A
108,Burundi,108,Burundi,A,1410985.0,Pigs,A
854,Burkina Faso,854,Burkina Faso,A,1454086.0,Pigs,A
100,Bulgaria,100,Bulgaria,A,601700.0,Pigs,A
096,Brunei,096,Brunei Darussalam,E,900.0,Pigs,E
076,Brazil,076,Brazil,A,44388351.0,Pigs,A
072,Botswana,072,Botswana,I,6999.0,Pigs,I
070,Bosnia and Herz.,070,Bosnia and Herzegovina,A,471555.0,Pigs,A
068,Bolivia,068,Bolivia (Plurinational State of),A,3176164.0,Pigs,A
064,Bhutan,064,Bhutan,A,33082.0,Pigs,A
204,Benin,204,Benin,A,910477.0,Pigs,A
084,Belize,084,Belize,I,14541.0,Pigs,I
056,Belgium,056,Belgium,A,5751180.0,Pigs,A
112,Belarus,112,Belarus,A,2512700.0,Pigs,A
052,Barbados,052,Barbados,E,24000.0,Pigs,E
050,Bangladesh,050,,,,Pigs,none
048,Bahrain,048,,,,Pigs,none
044,Bahamas,044,Bahamas,I,5021.0,Pigs,I
031,Azerbaijan,031,Azerbaijan,A,5130.0,Pigs,A
040,Austria,040,Austria,A,2650150.0,Pigs,A
036,Australia,036,Australia,I,2552808.0,Pigs,I
-099,Indian Ocean Ter.,-099,,,,Pigs,none
-099,Heard I. and McDonald Is.,-099,,,,Pigs,none
574,Norfolk Island,574,,,,Pigs,none
-099,Ashmore and Cartier Is.,-099,,,,Pigs,none
051,Armenia,051,Armenia,A,166095.0,Pigs,A
032,Argentina,032,Argentina,A,5477107.0,Pigs,A
028,Antigua and Barb.,028,Antigua and Barbuda,I,4964.0,Pigs,I
024,Angola,024,Angola,E,3013084.0,Pigs,E
020,Andorra,020,,,,Pigs,none
012,Algeria,012,Algeria,I,4860.0,Pigs,I
008,Albania,008,Albania,A,137304.0,Pigs,A
004,Afghanistan,004,,,,Pigs,none
-099,Siachen Glacier,-099,,,,Pigs,none
534,Sint Maarten,534,,,,Pigs,none
798,Tuvalu,798,Tuvalu,I,14667.0,Pigs,I
