m49,NAME,px2,Flag
184,Cook Is.,0.05857952013094991,I
690,Seychelles,0.1681320865632787,I
570,Niue,0.19017829355942903,I
659,St. Kitts and Nevis,0.22484108373163086,I
470,Malta,0.265166632743153,A
308,Grenada,0.27595628850231674,I
670,St. Vin. and Gren.,0.30013328170558795,E
052,Barbados,0.3755715302381118,I
776,Tonga,0.4168070363168679,I
028,Antigua and Barb.,0.41778613850152274,I
702,Singapore,0.4675481651717522,I
583,Micronesia,0.5053799002177105,E
048,Bahrain,0.5234007037069749,A
662,Saint Lucia,0.531984878994583,I
212,Dominica,0.6734163649235538,I
678,São Tomé and Principe,0.9504707766779694,E
344,Hong Kong,0.9939135158601015,I
234,Faeroe Is.,1.008734828226726,A
174,Comoros,1.529877937573868,I
480,Mauritius,1.8146855410417764,A
258,Fr. Polynesia,2.523176534898025,E
442,Luxembourg,2.5378973732102335,A
882,Samoa,2.6067247479285482,E
132,Cabo Verde,3.4598524348266,A
780,Trinidad and Tobago,4.9213635108501865,I
096,Brunei,5.468906511627157,A
196,Cyprus,5.5274803375490515,A
275,Palestine,6.1288663143669355,E
630,Puerto Rico,8.63367601466808,A
422,Lebanon,9.692634045459494,X
270,Gambia,9.95054949323802,A
388,Jamaica,10.553476137774728,I
634,Qatar,10.702934692773901,A
548,Vanuatu,10.897987368663186,A
044,Bahamas,12.241555475615083,I
499,Montenegro,13.2578492145036,A
626,Timor-Leste,14.486095246554337,E
748,eSwatini,16.426031349000876,A
414,Kuwait,16.76139484816807,I
242,Fiji,17.76712968301298,A
540,New Caledonia,18.028226867358793,I
705,Slovenia,19.605434226279197,A
222,El Salvador,19.67456987048713,A
262,Djibouti,20.936463346614445,I
376,Israel,21.337511883004527,A
084,Belize,21.98746287482748,I
646,Rwanda,24.474654237344772,A
807,North Macedonia,24.598406827740373,A
090,Solomon Is.,24.823666276718953,I
226,Eq. Guinea,25.687547521087396,I
332,Haiti,25.879253360769138,I
108,Burundi,26.23185636127404,A
008,Albania,27.477300808019557,A
051,Armenia,28.656632118541168,A
426,Lesotho,29.044258576329113,A
056,Belgium,29.769004726247488,A
624,Guinea-Bissau,30.923025692114464,I
498,Moldova,32.15930085929164,A
158,Taiwan,34.78509671482916,A
528,Netherlands,36.09948941391435,A
064,Bhutan,38.55456544259633,A
756,Switzerland,40.01176467952207,A
208,Denmark,41.2729476585914,A
233,Estonia,44.25193790592044,A
214,Dominican Rep.,46.910822614589854,I
703,Slovakia,46.95820508539672,A
188,Costa Rica,49.6839988852945,A
070,Bosnia and Herz.,50.154627417310486,A
191,Croatia,52.82088645160893,A
768,Togo,55.10472487570472,A
428,Latvia,62.53914270231018,A
440,Lithuania,62.76915343448315,A
144,Sri Lanka,63.69156723060546,A
372,Ireland,66.80494914085253,A
268,Georgia,67.2222324206048,A
784,United Arab Emirates,68.86795030988739,A
694,Sierra Leone,69.31627413918554,E
591,Panama,71.5994424912426,A
688,Serbia,75.19682019711121,A
203,Czechia,76.25781683807465,A
040,Austria,81.49180668626981,A
031,Azerbaijan,83.76907982652455,A
400,Jordan,85.97912690570733,A
620,Portugal,87.97754354915489,A
348,Hungary,90.2702648174409,A
430,Liberia,92.24708212664187,I
410,South Korea,94.10169212679057,A
352,Iceland,98.6099619021062,A
320,Guatemala,104.68967262582811,I
192,Cuba,105.5645235971073,A
100,Bulgaria,109.0546666481147,A
340,Honduras,109.53623745257443,I
204,Benin,112.43964758889385,A
454,Malawi,115.57587543819018,A
408,North Korea,118.75722817060574,I
232,Eritrea,119.35090120536607,I
558,Nicaragua,124.68771887604058,I
300,Greece,126.16312116720601,A
050,Bangladesh,131.0685198254607,A
762,Tajikistan,137.90093558652651,A
740,Suriname,140.35852667329007,A
524,Nepal,142.33619116075036,A
788,Tunisia,151.67176159467652,I
858,Uruguay,171.8619719063376,A
116,Cambodia,174.9667080830357,I
760,Syria,180.089610924461,A
686,Senegal,190.40128974564362,A
417,Kyrgyzstan,192.6470821031687,A
112,Belarus,201.00804011542084,A
328,Guyana,204.36072781105278,I
418,Laos,221.02757279655137,A
642,Romania,228.8809932381898,A
288,Ghana,231.0270622655047,I
826,United Kingdom,233.04486425435678,A
800,Uganda,233.8500472869022,A
324,Guinea,236.23781752176097,A
218,Ecuador,246.49226653159087,A
266,Gabon,251.30707731044356,I
554,New Zealand,258.8127488010012,A
854,Burkina Faso,264.0199967437715,A
608,Philippines,280.0550250570242,A
380,Italy,291.2960926842369,A
512,Oman,301.3683832595197,A
616,Poland,303.8500223595124,A
384,Côte d'Ivoire,310.8022534172065,A
458,Malaysia,315.9040800570654,A
704,Vietnam,317.4970149619011,A
246,Finland,322.11110511175536,A
178,Congo,334.42990292463,I
276,Germany,346.172957516734,A
392,Japan,358.58294463525453,A
578,Norway,374.5990628707305,A
716,Zimbabwe,376.71270021318475,A
600,Paraguay,387.3217341659326,A
368,Iraq,423.43362106158906,A
752,Sweden,431.5830766595522,A
860,Uzbekistan,433.8784239060658,A
887,Yemen,438.2783484434029,X
598,Papua New Guinea,447.702902661553,I
120,Cameroon,449.22658480629264,I
795,Turkmenistan,456.1574957570325,A
706,Somalia,456.66002568846824,E
724,Spain,490.7319395413105,A
764,Thailand,497.67559358167324,E
804,Ukraine,553.9170860927237,A
072,Botswana,560.8554324721091,E
504,Morocco,563.3578421845648,A
404,Kenya,573.482230532263,A
450,Madagascar,574.1062759783485,A
140,Central African Rep.,598.8017464012204,E
728,S. Sudan,601.7014301938391,I
250,France,615.9812438813432,A
004,Afghanistan,621.5802737669085,E
104,Myanmar,640.1113855943378,A
152,Chile,714.3796644154374,I
894,Zambia,729.0092783944946,A
792,Turkey,755.823439816292,A
508,Mozambique,763.2144966166247,A
516,Namibia,796.5665290750824,A
586,Pakistan,845.2212922663842,A
566,Nigeria,879.1716885083629,I
862,Venezuela,881.6950809679371,A
834,Tanzania,912.0024334435964,A
818,Egypt,970.1450794539488,A
478,Mauritania,1002.6938796268159,E
068,Bolivia,1052.3195980004652,A
231,Ethiopia,1091.5104815173202,A
170,Colombia,1098.6438059641553,A
562,Niger,1143.89478321339,A
710,South Africa,1181.524066021124,A
024,Angola,1205.3740749185931,I
466,Mali,1214.518396443878,A
148,Chad,1226.5658731729352,A
604,Peru,1250.2560180654284,A
496,Mongolia,1515.1266119130742,A
364,Iran,1570.6384489967475,A
434,Libya,1572.471348353601,E
729,Sudan,1798.0564133167675,X
360,Indonesia,1805.0665182715306,A
682,Saudi Arabia,1860.897089904434,A
484,Mexico,1896.0685282925697,A
012,Algeria,2246.07121421933,I
180,Dem. Rep. Congo,2251.062660106318,A
398,Kazakhstan,2634.805709200677,A
032,Argentina,2694.6129457283614,A
356,India,3048.8691338720582,I
036,Australia,7448.423180058431,A
076,Brazil,8199.80096565727,A
156,China,9077.106789557141,E
840,United States of America,9157.237792249975,A
124,Canada,9609.790512013651,A
643,Russia,16436.6177208205,A
